,id,name,city,designation
0,10,dhurvi,delhi,tl
1,20,itty,delhi,se
2,30,deepak,mumbai,se
3,40,dori,mumbai,pm
4,50,lovely,pune,hr
5,60,pragati,pune,hr
6,70,shayam,pune,tl
7,80,sandeep,ranchi,pm
8,90,sangeeta,kolkatta,hr
9,100,usha,pune,se
10,110,mahadeo,orrisa,tl
11,120,prem,chennai,tl
12,130,bablu,haryana,se
13,140,harish,chandigarh,se
14,150,harshit,ludhiyana,pm
15,160,anand,amritsar,hr
16,170,rishita,patna,hr
17,180,parwati,guahati,tl
18,190,jagdish,chennai,pm
19,200,karan,kolkatta,hr
20,210,sanoj,orrisa,se
21,220,anushkha,chennai,tl
22,230,daleshwar,haryana,tl
23,240,kishor,chandigarh,se
24,250,horil,ludhiyana,se
25,260,rajesh,amritsar,pm
26,270,chander,patna,hr
27,280,badri,guahati,hr
28,290,parmeshwar,chennai,tl
29,300,ramu,kolkatta,pm
30,310,mahendra,delhi,hr
31,320,jagdish,mumbai,se
32,330,ramapati,banglore,tl
